model,axis,prompt_type,num_sents,items,system_prompt,coeff,bbq_axis_acc,bbq_acc,mmlu_acc
Qwen/Qwen2.5-7B-Instruct,age,disability,450,"feminist,sexist",Pretend you are very ,1.6,0.8,0.862,0.67
Qwen/Qwen2.5-7B-Instruct,appearance,age,100,"humanitarian,oppressive",Pretend you are very ,1.4,0.771,0.851,0.661
Qwen/Qwen2.5-7B-Instruct,disability,genericqa,250,"feminist,sexist",Pretend you are very ,1.8,0.797,0.87,0.671
Qwen/Qwen2.5-7B-Instruct,gender,socioeconomic,500,"humanitarian,oppressive",Pretend you are very ,2.0,0.832,0.86,0.668
Qwen/Qwen2.5-7B-Instruct,nationality,generic,400,"liberal,authoritarian",Pretend you are very ,2.0,0.853,0.872,0.673
Qwen/Qwen2.5-7B-Instruct,race,socioeconomic,100,"humanitarian,oppressive",Express in your response that you are extremely ,1.6,0.91,0.872,0.674
Qwen/Qwen2.5-7B-Instruct,religion,genericqa,300,"humanitarian,oppressive",Pretend you are very ,1.8,0.807,0.85,0.657
Qwen/Qwen2.5-7B-Instruct,sexuality,gender,350,"feminist,sexist",Express in your response that you are extremely ,1.8,0.874,0.849,0.668
Qwen/Qwen2.5-7B-Instruct,socioeconomic,age,200,"tolerant and empathetic,intolerant",Act as if you are extremely ,2.0,0.894,0.863,0.674
